<?xml version="1.0" encoding="UTF-8" standalone="no"?>

<manifest identifier="area_of_shapes_part_two" version="1.3"
	  xmlns="http://www.imsglobal.org/xsd/imscp_v1p1"
	  xmlns:xsi="http://www.w3.org/2001/XMLSchema-instance"
	  xmlns:adlcp="http://www.adlnet.org/xsd/adlcp_v1p3"
	  xmlns:adlseq="http://www.adlnet.org/xsd/adlseq_v1p3"
	  xmlns:adlnav="http://www.adlnet.org/xsd/adlnav_v1p3"
	  xmlns:imsss="http://www.imsglobal.org/xsd/imsss"
	  xsi:schemaLocation="http://www.imsglobal.org/xsd/imscp_v1p1 imscp_v1p1.xsd
						  http://www.adlnet.org/xsd/adlcp_v1p3 adlcp_v1p3.xsd
						  http://www.adlnet.org/xsd/adlseq_v1p3 adlseq_v1p3.xsd
						  http://www.adlnet.org/xsd/adlnav_v1p3 adlnav_v1p3.xsd
						  http://www.imsglobal.org/xsd/imsss imsss_v1p0.xsd">

	<metadata>
		<schema>ADL SCORM</schema>
		<schemaversion>2004 3rd Edition</schemaversion>
		<adlcp:location>metadata.xml</adlcp:location>
	</metadata>
	
	
	<organizations default="area_of_shapes_part_two_ORG">
		<organization identifier="area_of_shapes_part_two_ORG">
			<!--****** Title ******-->
			<title>Area of 3D Shapes</title>
			<item identifier="area_of_shapes_part_two_SCO" identifierref="area_of_shapes_part_two_SCO_RES" isvisible="true">
				<!--****** Title ******-->
				<title>Course Object title</title>
				<metadata>
					<lom xmlns="http://ltsc.ieee.org/xsd/LOM" xmlns:xsi="http://www.w3.org/2001/XMLSchema-instance" xsi:schemaLocation="http://ltsc.ieee.org/xsd/LOM lom.xsd">
						<general>
							<description>
				  				<string language="en-us">Course Description.</string> 
				  			</description>
						</general>
					</lom>
				</metadata>
				<imsss:sequencing>
				<imsss:objectives>
					        <imsss:primaryObjective objectiveID="Quiz_202572213205"/>
				</imsss:objectives>
					<imsss:deliveryControls tracked="true" completionSetByContent="true" objectiveSetByContent="true"/>
				</imsss:sequencing>
			</item>
			<metadata>
				<adlcp:location>metadata.xml</adlcp:location>
			</metadata>			
	<imsss:sequencing>
				<imsss:controlMode choice="true" flow="true"/>
                <imsss:rollupRules>
                    <imsss:rollupRule childActivitySet="all">
                        <imsss:rollupConditions>
                            <imsss:rollupCondition condition="satisfied"/>
                        </imsss:rollupConditions>
                        <imsss:rollupAction action="satisfied"/>
                    </imsss:rollupRule>
                    <imsss:rollupRule childActivitySet="all">
                        <imsss:rollupConditions>
                            <imsss:rollupCondition operator="not" condition="satisfied"/>
                        </imsss:rollupConditions>
                        <imsss:rollupAction action="notSatisfied"/>
                    </imsss:rollupRule>
                    <imsss:rollupRule childActivitySet="all">
                        <imsss:rollupConditions>
                            <imsss:rollupCondition condition="completed"/>
                        </imsss:rollupConditions>
                        <imsss:rollupAction action="completed"/>
                    </imsss:rollupRule>
                    <imsss:rollupRule childActivitySet="all">
                        <imsss:rollupConditions>
                            <imsss:rollupCondition operator="not" condition="completed"/>
                        </imsss:rollupConditions>
                        <imsss:rollupAction action="incomplete"/>
                    </imsss:rollupRule>
                </imsss:rollupRules>
			</imsss:sequencing>
		</organization>
	</organizations>
	<resources>
		<resource adlcp:scormType="sco" identifier="area_of_shapes_part_two_SCO_RES" type="webcontent" href="index.html">
			<metadata>
				<adlcp:location>metadata.xml</adlcp:location>
			</metadata>
			
			<file href="ar/21724.mp3"></file>
			<file href="index.html"></file>
			<file href="scormdriver.js"/>
			<file href="browsersniff.js"/>
			
<file href="assets/htmlimages/Answer_checkbox_correct.png"/> 
<file href="assets/htmlimages/Answer_checkbox_incorrect.png"/> 
<file href="assets/htmlimages/Answer_radio_correct.png"/> 
<file href="assets/htmlimages/Answer_radio_incorrect.png"/> 
<file href="assets/htmlimages/Download_certificate_icon.svg"/> 
<file href="assets/htmlimages/img_trans.gif"/> 
<file href="assets/js/project.js"/> 
<file href="dist/main.chunk.js"/> 
<file href="dist/main.chunk.js.br"/> 
<file href="dist/runtime-main.bundle.js"/> 
<file href="dist/vendors-main.chunk.js"/> 
<file href="dist/vendors-main.chunk.js.LICENSE.txt"/> 
<file href="dist/vendors-main.chunk.js.br"/> 
<file href="dr/017075.jpg"/> 
<file href="dr/018219.jpg"/> 
<file href="dr/018796.jpg"/> 
<file href="dr/019371.jpg"/> 
<file href="dr/019946.jpg"/> 
<file href="dr/020521.jpg"/> 
<file href="dr/021727.svg"/> 
<file href="dr/021738.png"/> 
<file href="dr/021799.svg"/> 
<file href="dr/021835.svg"/> 
<file href="dr/021978.svg"/> 
<file href="dr/0527.svg"/> 
<file href="dr/05450.jpg"/> 
<file href="dr/06371.jpg"/> 
<file href="dr/06373.jpg"/> 
<file href="dr/08556.svg"/> 
<file href="dr/08638.png"/> 
<file href="dr/08690.png"/> 
<file href="dr/08750.png"/> 
<file href="dr/08803.png"/> 
<file href="dr/08863.png"/> 
<file href="dr/08916.png"/> 
<file href="dr/08968.svg"/> 
<file href="dr/08990.svg"/> 
<file href="dr/loading.gif"/> 
<file href="goodbye.html"/> 
<file href="index.html"/> 
<file href="pools/243/243.js"/> 
<file href="project.txt"/> 
<file href="Utilities.js"/> 
            </resource>
	</resources>
</manifest>
