<?xml version="1.0" encoding="UTF-8" standalone="no"?>

<manifest identifier="examples_walkthrough" version="1.3"
	  xmlns="http://www.imsglobal.org/xsd/imscp_v1p1"
	  xmlns:xsi="http://www.w3.org/2001/XMLSchema-instance"
	  xmlns:adlcp="http://www.adlnet.org/xsd/adlcp_v1p3"
	  xmlns:adlseq="http://www.adlnet.org/xsd/adlseq_v1p3"
	  xmlns:adlnav="http://www.adlnet.org/xsd/adlnav_v1p3"
	  xmlns:imsss="http://www.imsglobal.org/xsd/imsss"
	  xsi:schemaLocation="http://www.imsglobal.org/xsd/imscp_v1p1 imscp_v1p1.xsd
						  http://www.adlnet.org/xsd/adlcp_v1p3 adlcp_v1p3.xsd
						  http://www.adlnet.org/xsd/adlseq_v1p3 adlseq_v1p3.xsd
						  http://www.adlnet.org/xsd/adlnav_v1p3 adlnav_v1p3.xsd
						  http://www.imsglobal.org/xsd/imsss imsss_v1p0.xsd">

	<metadata>
		<schema>ADL SCORM</schema>
		<schemaversion>2004 3rd Edition</schemaversion>
		<adlcp:location>metadata.xml</adlcp:location>
	</metadata>
	
	
	<organizations default="examples_walkthrough_ORG">
		<organization identifier="examples_walkthrough_ORG">
			<!--****** Title ******-->
			<title>Examples Walkthrough</title>
			<item identifier="examples_walkthrough_SCO" identifierref="examples_walkthrough_SCO_RES" isvisible="true">
				<!--****** Title ******-->
				<title>Course Object title</title>
				<metadata>
					<lom xmlns="http://ltsc.ieee.org/xsd/LOM" xmlns:xsi="http://www.w3.org/2001/XMLSchema-instance" xsi:schemaLocation="http://ltsc.ieee.org/xsd/LOM lom.xsd">
						<general>
							<description>
				  				<string language="en-us">Course Description.</string> 
				  			</description>
						</general>
					</lom>
				</metadata>
				<imsss:sequencing>
				<imsss:objectives>
					        <imsss:primaryObjective objectiveID="Quiz_202512184359"/>
				</imsss:objectives>
					<imsss:deliveryControls tracked="true" completionSetByContent="true" objectiveSetByContent="true"/>
				</imsss:sequencing>
			</item>
			<metadata>
				<adlcp:location>metadata.xml</adlcp:location>
			</metadata>			
	<imsss:sequencing>
				<imsss:controlMode choice="true" flow="true"/>
                <imsss:rollupRules>
                    <imsss:rollupRule childActivitySet="all">
                        <imsss:rollupConditions>
                            <imsss:rollupCondition condition="satisfied"/>
                        </imsss:rollupConditions>
                        <imsss:rollupAction action="satisfied"/>
                    </imsss:rollupRule>
                    <imsss:rollupRule childActivitySet="all">
                        <imsss:rollupConditions>
                            <imsss:rollupCondition operator="not" condition="satisfied"/>
                        </imsss:rollupConditions>
                        <imsss:rollupAction action="notSatisfied"/>
                    </imsss:rollupRule>
                    <imsss:rollupRule childActivitySet="all">
                        <imsss:rollupConditions>
                            <imsss:rollupCondition condition="completed"/>
                        </imsss:rollupConditions>
                        <imsss:rollupAction action="completed"/>
                    </imsss:rollupRule>
                    <imsss:rollupRule childActivitySet="all">
                        <imsss:rollupConditions>
                            <imsss:rollupCondition operator="not" condition="completed"/>
                        </imsss:rollupConditions>
                        <imsss:rollupAction action="incomplete"/>
                    </imsss:rollupRule>
                </imsss:rollupRules>
			</imsss:sequencing>
		</organization>
	</organizations>
	<resources>
		<resource adlcp:scormType="sco" identifier="examples_walkthrough_SCO_RES" type="webcontent" href="index.html">
			<metadata>
				<adlcp:location>metadata.xml</adlcp:location>
			</metadata>
			
			<file href="ar/32321.mp3"></file>
			<file href="index.html"></file>
			<file href="scormdriver.js"/>
			<file href="browsersniff.js"/>
			
<file href="ar/32324.mp3"/> 
<file href="ar/32327.mp3"/> 
<file href="ar/32330.mp3"/> 
<file href="ar/32333.mp3"/> 
<file href="ar/32336.mp3"/> 
<file href="ar/32339.mp3"/> 
<file href="ar/32342.mp3"/> 
<file href="ar/32345.mp3"/> 
<file href="ar/32348.mp3"/> 
<file href="assets/htmlimages/Answer_checkbox_correct.png"/> 
<file href="assets/htmlimages/Answer_checkbox_incorrect.png"/> 
<file href="assets/htmlimages/Answer_radio_correct.png"/> 
<file href="assets/htmlimages/Answer_radio_incorrect.png"/> 
<file href="assets/htmlimages/Download_certificate_icon.svg"/> 
<file href="assets/htmlimages/img_trans.gif"/> 
<file href="assets/js/project.js"/> 
<file href="dist/main.chunk.js"/> 
<file href="dist/main.chunk.js.br"/> 
<file href="dist/runtime-main.bundle.js"/> 
<file href="dist/vendors-main.chunk.js"/> 
<file href="dist/vendors-main.chunk.js.LICENSE.txt"/> 
<file href="dist/vendors-main.chunk.js.br"/> 
<file href="dr/015066.svg"/> 
<file href="dr/015330.svg"/> 
<file href="dr/019497.svg"/> 
<file href="dr/021445.png"/> 
<file href="dr/021512.png"/> 
<file href="dr/021579.png"/> 
<file href="dr/021646.png"/> 
<file href="dr/023268.jpg"/> 
<file href="dr/023273.jpg"/> 
<file href="dr/023276.jpg"/> 
<file href="dr/023807.jpg"/> 
<file href="dr/023809.jpg"/> 
<file href="dr/023811.jpg"/> 
<file href="dr/023813.jpg"/> 
<file href="dr/024341.jpg"/> 
<file href="dr/024344.jpg"/> 
<file href="dr/025403.jpg"/> 
<file href="dr/025406.jpg"/> 
<file href="dr/025940.jpg"/> 
<file href="dr/025943.jpg"/> 
<file href="dr/026474.jpg"/> 
<file href="dr/026477.jpg"/> 
<file href="dr/027008.jpg"/> 
<file href="dr/027566.jpg"/> 
<file href="dr/027569.jpg"/> 
<file href="dr/031408.png"/> 
<file href="dr/031504.jpg"/> 
<file href="dr/032351.svg"/> 
<file href="dr/loading.gif"/> 
<file href="goodbye.html"/> 
<file href="index.html"/> 
<file href="pools/243/243.js"/> 
<file href="project.txt"/> 
<file href="Utilities.js"/> 
            </resource>
	</resources>
</manifest>
